date,Thailand,Myanmar,Cambodia,Vietnam,P_Malaysia,Lao_PDR
2017-07-01,0,0,0,0,0,0
2017-07-02,0,0,0,0,0,0
2017-07-03,0,0,0,0,0,0
2017-07-04,0,0,0,0,0,0
2017-07-05,0,0,0,0,0,0
2017-07-06,0,0,0,0,0,0
2017-07-07,0,0,0,0,0,0
2017-07-08,0,0,0,0,0,0
2017-07-09,0,0,0,0,0,0
2017-07-10,0,0,0,0,0,0
2017-07-11,0,0,0,0,0,0
2017-07-12,0,0,0,0,0,0
2017-07-13,0,0,0,0,0,0
2017-07-14,0,0,0,0,0,0
2017-07-15,0,0,0,0,0,0
2017-07-16,0,0,0,0,1,0
2017-07-17,0,0,0,0,0,0
2017-07-18,0,0,0,0,0,0
2017-07-19,0,0,0,0,0,0
2017-07-20,0,0,0,0,0,0
2017-07-21,0,0,0,0,0,0
2017-07-22,0,0,0,0,0,0
2017-07-23,0,0,0,0,2,0
2017-07-24,0,0,0,0,0,0
2017-07-25,0,0,0,0,0,0
2017-07-26,0,0,0,0,0,0
2017-07-27,1,0,0,0,0,0
2017-07-28,0,0,0,0,0,0
2017-07-29,0,0,0,0,0,0
2017-07-30,0,0,0,0,0,0
2017-07-31,0,0,0,0,0,0
2017-08-01,0,0,0,0,0,0
2017-08-02,0,0,0,0,0,0
2017-08-03,0,0,0,0,0,0
2017-08-04,0,0,0,1,0,0
2017-08-05,0,0,0,0,0,0
2017-08-06,0,0,0,0,0,0
2017-08-07,0,0,0,0,1,0
2017-08-08,0,0,0,0,0,0
2017-08-09,0,0,0,0,0,0
2017-08-10,0,0,0,1,0,0
2017-08-11,0,0,0,0,0,0
2017-08-12,0,0,0,0,0,0
2017-08-14,0,0,0,0,0,0
2017-08-15,0,0,0,0,0,0
2017-08-16,0,0,0,0,0,0
2017-08-17,0,0,0,0,0,0
2017-08-19,0,0,0,0,0,0
2017-08-20,0,0,0,0,0,0
2017-08-21,0,0,0,0,0,0
2017-08-22,0,0,0,0,0,0
2017-08-23,0,0,0,0,0,0
2017-08-24,0,0,0,2,0,0
2017-08-25,0,0,0,0,0,0
2017-08-26,0,0,0,0,0,0
2017-08-27,0,0,0,0,0,0
2017-08-28,0,0,0,0,0,0
2017-08-29,0,0,0,1,0,0
2017-08-30,0,0,0,0,0,0
2017-08-31,0,0,0,0,0,0
2017-09-01,0,0,0,0,0,0
2017-09-02,0,0,0,1,0,0
2017-09-03,0,0,0,0,0,0
2017-09-05,0,0,0,0,0,0
2017-09-06,0,0,0,0,0,0
2017-09-07,0,0,0,0,0,0
2017-09-08,2,0,0,0,0,0
2017-09-09,0,0,0,0,0,0
2017-09-10,0,0,0,0,0,0
2017-09-11,0,0,0,1,0,0
2017-09-13,0,0,0,0,0,0
2017-09-14,0,0,0,0,0,0
2017-09-15,0,0,0,0,0,0
2017-09-16,0,0,0,0,0,0
2017-09-17,0,0,0,0,0,0
2017-09-18,1,0,0,0,0,0
2017-09-19,0,0,0,1,0,0
2017-09-20,0,0,0,0,0,0
2017-09-21,0,0,0,0,0,0
2017-09-22,0,0,0,0,0,0
2017-09-25,0,0,0,0,0,0
2017-09-26,0,0,0,0,0,0
2017-09-27,0,0,0,0,0,0
2017-09-30,0,0,0,0,0,0
2017-10-01,0,0,0,0,0,0
2017-10-02,0,0,0,0,0,0
2017-10-03,0,0,0,0,0,0
2017-10-04,0,0,0,0,0,0
2017-10-05,0,0,0,0,0,0
2017-10-06,0,0,0,0,0,0
2017-10-08,0,0,0,0,0,0
2017-10-09,0,0,0,0,0,0
2017-10-10,0,0,0,0,0,0
2017-10-11,0,0,0,0,0,0
2017-10-12,0,0,0,0,0,0
2017-10-13,0,0,0,0,0,0
2017-10-14,0,0,0,0,0,0
2017-10-16,0,0,0,0,0,0
2017-10-17,0,0,0,0,0,0
2017-10-18,0,0,0,0,0,0
2017-10-19,0,0,0,0,0,0
2017-10-20,0,0,0,0,0,0
2017-10-21,0,0,0,0,0,0
2017-10-22,0,0,0,0,0,0
2017-10-23,0,0,0,0,0,0
2017-10-24,0,0,0,0,0,0
2017-10-25,0,0,0,0,0,0
2017-10-27,0,0,0,0,0,0
2017-10-28,0,0,0,0,0,0
2017-10-29,0,0,0,0,0,0
2017-10-30,0,0,0,0,0,0
2017-10-31,0,0,0,0,0,0
2017-11-01,0,0,0,0,0,0
2017-11-02,0,0,0,0,0,0
2017-11-03,0,0,0,0,0,0
2017-11-04,0,0,0,0,0,0
2017-11-05,0,0,0,0,0,0
2017-11-06,0,0,0,0,0,0
2017-11-07,0,0,0,0,0,0
2017-11-08,0,0,0,0,0,0
2017-11-09,0,0,0,0,0,0
2017-11-10,0,0,0,0,1,0
2017-11-12,0,0,0,0,0,0
2017-11-15,0,0,0,0,0,0
2017-11-17,0,0,0,0,1,0
2017-11-19,0,0,0,0,0,0
2017-11-21,0,0,0,0,0,0
2017-11-22,0,0,0,0,0,0
2017-11-26,0,0,0,0,0,0
2017-12-01,0,0,0,0,0,0
2017-12-03,0,0,0,0,0,1
2017-12-04,0,0,0,0,0,0
2017-12-07,0,0,0,0,0,0
2017-12-10,0,0,0,0,0,0
2017-12-11,1,0,0,0,0,0
2017-12-12,0,0,0,0,0,0
2017-12-13,0,0,0,0,0,0
2017-12-14,0,0,0,0,0,0
2017-12-15,2,0,0,0,0,0
2017-12-16,1,0,0,0,0,0
2017-12-17,3,0,0,0,0,0
2017-12-18,6,0,3,0,0,1
2017-12-19,2,0,0,0,0,9
2017-12-22,0,0,2,0,0,0
2017-12-23,0,2,2,0,0,1
2017-12-24,0,0,0,0,0,0
2017-12-26,0,0,0,0,0,0
2017-12-28,0,0,0,0,0,0
2017-12-29,1,0,0,0,0,0
2017-12-30,0,0,2,0,0,0
2017-12-31,1,0,0,0,0,0
2018-01-01,0,0,0,0,0,0
2018-01-02,0,0,1,0,0,0
2018-01-03,1,0,0,0,0,0
2018-01-04,1,0,1,0,0,0
2018-01-05,0,0,0,0,0,0
2018-01-06,0,0,0,0,0,0
2018-01-07,0,0,0,0,0,0
2018-01-08,0,0,0,0,0,0
2018-01-09,0,0,0,1,0,0
2018-01-10,0,0,0,0,0,0
2018-01-11,0,0,0,0,0,0
2018-01-12,0,0,0,1,0,0
2018-01-13,0,0,2,0,0,0
2018-01-14,0,0,1,0,0,0
2018-01-15,0,0,2,0,0,2
2018-01-16,0,0,0,0,0,0
2018-01-17,0,0,0,0,0,0
2018-01-18,1,0,0,0,0,0
2018-01-19,2,0,1,1,0,0
2018-01-20,0,0,0,1,0,0
2018-01-21,0,0,0,1,0,0
2018-01-22,0,0,0,0,0,0
2018-01-23,1,0,0,0,0,0
2018-01-24,1,0,2,0,0,1
2018-01-25,1,0,4,2,0,0
2018-01-26,0,0,0,0,0,0
2018-01-27,0,0,0,0,0,0
2018-01-28,0,0,0,0,0,0
2018-01-29,1,1,0,1,0,1
2018-01-30,0,0,3,0,0,0
2018-01-31,0,0,11,2,0,0
2018-02-01,0,0,0,0,0,0
2018-02-02,2,0,0,2,0,0
2018-02-03,2,0,5,0,0,0
2018-02-04,2,0,8,0,0,0
2018-02-05,1,1,5,2,0,3
2018-02-06,1,0,0,0,0,0
2018-02-07,0,0,2,0,0,0
2018-02-08,1,3,0,0,1,0
2018-02-09,2,0,0,0,1,1
2018-02-10,3,0,4,0,0,2
2018-02-11,1,0,0,0,0,0
2018-02-12,0,0,5,0,0,0
2018-02-13,2,0,3,0,0,2
2018-02-14,4,1,1,0,0,1
2018-02-15,0,0,5,0,0,3
2018-02-16,1,0,4,0,0,0
2018-02-17,0,0,2,0,0,1
2018-02-18,1,10,1,0,0,0
2018-02-19,4,8,3,0,0,0
2018-02-20,1,1,16,4,0,3
2018-02-21,2,0,2,0,0,0
2018-02-22,0,1,1,0,0,0
2018-02-23,2,5,0,0,0,0
2018-02-24,3,2,1,0,0,0
2018-02-25,5,2,21,0,0,0
2018-02-26,0,0,30,4,1,2
2018-02-27,0,2,2,0,0,1
2018-02-28,0,4,0,0,1,0
2018-03-01,2,5,2,0,0,0
2018-03-02,6,0,1,1,0,2
2018-03-03,4,5,3,0,0,2
2018-03-04,3,1,6,1,2,4
2018-03-05,0,4,1,2,0,1
2018-03-06,3,23,0,1,0,5
2018-03-07,5,11,6,0,0,2
2018-03-08,2,1,11,1,0,1
2018-03-09,1,0,22,1,0,1
2018-03-10,0,4,4,4,0,0
2018-03-11,1,7,4,0,0,0
2018-03-12,1,5,2,0,0,0
2018-03-13,2,3,13,0,0,4
2018-03-14,0,2,6,0,1,0
2018-03-15,1,1,0,2,1,0
2018-03-16,0,4,0,0,0,0
2018-03-17,8,3,0,2,0,0
2018-03-18,10,10,1,0,0,0
2018-03-19,10,8,6,1,3,1
2018-03-20,0,6,2,0,0,0
2018-03-21,0,5,0,0,0,0
2018-03-22,3,13,0,0,1,0
2018-03-23,2,3,0,0,0,0
2018-03-24,1,4,4,1,0,0
2018-03-25,1,0,6,1,0,0
2018-03-26,0,2,2,1,0,0
2018-03-27,3,10,0,0,0,0
2018-03-28,4,11,0,0,0,4
2018-03-29,4,2,2,0,3,2
2018-03-30,0,0,0,1,0,2
2018-03-31,0,1,2,0,0,2
2018-04-01,0,1,0,0,0,0
2018-04-02,1,2,1,0,0,0
2018-04-03,4,0,4,1,0,1
2018-04-04,1,2,1,3,0,2
2018-04-05,0,0,0,2,0,0
2018-04-06,0,1,0,1,0,0
2018-04-07,0,2,0,0,0,0
2018-04-08,3,0,0,1,0,0
2018-04-09,3,1,6,0,0,3
2018-04-10,1,2,3,2,1,1
2018-04-11,0,2,1,4,0,9
2018-04-12,1,7,0,0,0,7
2018-04-13,10,14,3,1,0,4
2018-04-14,5,6,2,1,0,2
2018-04-15,0,2,0,1,0,0
2018-04-16,2,0,2,1,0,0
2018-04-17,1,0,0,0,0,0
2018-04-18,1,4,0,0,2,0
2018-04-19,1,0,0,0,0,0
2018-04-20,1,0,1,0,2,0
2018-04-21,0,7,0,5,0,0
2018-04-22,0,2,2,0,0,0
2018-04-23,2,10,0,0,0,0
2018-04-24,4,4,0,0,0,0
2018-04-25,0,3,1,0,0,0
2018-04-26,0,0,0,2,0,0
2018-04-27,0,0,0,0,0,0
2018-04-28,0,0,0,0,0,0
2018-04-29,0,0,0,2,0,0
2018-04-30,0,0,0,0,1,0
2018-05-01,0,0,0,0,0,0
2018-05-02,0,0,0,1,0,0
2018-05-03,0,0,0,0,0,0
2018-05-04,0,0,0,0,0,0
2018-05-05,0,0,0,0,0,0
2018-05-07,0,0,0,0,0,0
2018-05-08,0,0,0,0,0,0
2018-05-09,0,0,0,0,0,0
2018-05-10,0,0,0,0,0,0
2018-05-11,0,0,0,0,0,0
2018-05-12,0,0,0,1,0,0
2018-05-14,0,2,0,0,0,0
2018-05-15,0,0,0,0,0,0
2018-05-16,0,0,1,0,0,1
2018-05-17,0,0,0,1,0,0
2018-05-18,0,0,0,0,0,0
2018-05-20,0,0,0,0,0,0
2018-05-21,0,0,0,0,2,0
2018-05-22,0,0,0,2,2,0
2018-05-23,0,0,0,0,0,0
2018-05-24,0,0,0,0,0,0
2018-05-25,0,0,0,0,0,0
2018-05-26,0,0,0,0,0,0
2018-05-29,0,0,0,0,0,0
2018-05-30,0,0,0,0,0,0
2018-05-31,0,0,0,1,0,0
2018-06-01,0,0,0,0,0,0
2018-06-03,0,0,0,0,0,0
2018-06-05,0,0,0,0,1,0
2018-06-09,0,0,0,0,0,0
2018-06-10,0,0,0,0,0,0
2018-06-13,0,0,0,0,0,0
2018-06-16,0,0,0,0,0,0
2018-06-17,0,0,0,0,0,0
2018-06-18,0,0,0,0,0,0
2018-06-20,0,0,0,0,0,0
2018-06-21,0,0,0,0,0,0
2018-06-22,0,0,0,0,0,0
2018-06-25,0,0,0,0,0,0
2018-06-28,0,0,0,0,0,0
2018-06-29,0,0,0,0,1,0
2018-06-30,0,0,0,0,0,0
2018-07-01,0,0,0,0,0,0
2018-07-02,0,0,0,1,0,0
2018-07-03,0,0,0,3,0,0
2018-07-04,0,0,0,2,0,0
2018-07-05,0,0,0,0,0,0
2018-07-06,0,0,0,0,0,0
2018-07-07,0,0,0,0,0,0
2018-07-08,0,0,0,0,0,0
2018-07-09,0,0,0,0,0,0
2018-07-10,0,0,0,0,0,0
2018-07-11,0,0,0,0,0,0
2018-07-12,0,0,0,0,1,0
2018-07-13,0,0,0,0,1,0
2018-07-14,0,0,0,0,0,0
2018-07-15,0,0,0,0,4,0
2018-07-16,0,0,0,0,4,0
2018-07-17,0,0,0,0,0,0
2018-07-18,0,0,0,0,2,0
2018-07-19,0,0,0,0,6,0
2018-07-20,0,0,0,0,5,0
2018-07-21,0,0,0,0,0,0
2018-07-22,0,0,0,0,0,0
2018-07-23,0,0,0,0,0,0
2018-07-24,0,0,0,0,0,0
2018-07-25,0,0,0,0,0,0
2018-07-26,0,0,0,0,0,0
2018-07-27,0,0,0,0,0,0
2018-07-28,0,0,0,0,0,0
2018-07-29,0,0,0,0,0,0
2018-07-30,0,0,0,0,0,0
2018-07-31,0,0,0,0,0,0
2018-08-01,0,0,0,0,0,0
2018-08-02,0,0,0,0,0,0
2018-08-03,0,0,0,0,0,0
2018-08-04,0,0,0,0,0,0
2018-08-05,0,0,0,0,0,0
2018-08-06,0,0,0,0,0,0
2018-08-07,0,0,0,0,0,0
2018-08-09,0,0,0,0,0,0
2018-08-10,0,0,0,0,1,0
2018-08-11,0,0,0,1,4,0
2018-08-12,0,0,0,0,0,0
2018-08-13,0,0,0,0,0,0
2018-08-14,0,0,0,0,1,0
2018-08-15,0,0,0,0,1,0
2018-08-16,0,0,0,1,1,0
2018-08-17,0,0,0,0,0,0
2018-08-18,0,0,0,0,0,0
2018-08-19,0,0,0,0,0,0
2018-08-20,0,0,0,0,0,0
2018-08-21,0,0,0,0,0,0
2018-08-22,0,0,0,0,0,0
2018-08-23,0,0,0,0,0,0
2018-08-24,0,0,0,0,0,0
2018-08-25,0,0,0,0,1,0
2018-08-26,0,0,0,0,2,0
2018-08-27,0,0,0,0,1,0
2018-08-28,0,0,0,0,0,0
2018-08-29,0,0,0,0,0,0
2018-08-30,0,0,0,0,0,0
2018-08-31,0,0,0,4,0,0
2018-09-01,0,0,0,3,0,0
2018-09-02,0,0,0,0,0,0
2018-09-03,0,0,0,2,0,0
2018-09-04,0,0,0,0,0,0
2018-09-05,0,0,0,1,0,0
2018-09-06,0,0,0,3,0,0
2018-09-07,0,0,0,6,0,0
2018-09-08,0,0,0,0,0,0
2018-09-09,0,0,0,0,0,0
2018-09-10,0,0,0,0,0,0
2018-09-11,0,0,0,0,0,0
2018-09-12,0,0,0,0,0,0
2018-09-13,0,0,0,0,0,0
2018-09-14,0,0,0,0,0,0
2018-09-15,0,0,0,2,0,0
2018-09-16,0,0,0,0,0,0
2018-09-17,0,0,0,0,0,0
2018-09-19,0,0,0,0,0,0
2018-09-20,0,0,0,2,0,0
2018-09-21,0,0,0,0,0,0
2018-09-22,0,0,0,0,0,0
2018-09-23,0,0,0,0,0,0
2018-09-24,0,0,0,0,0,0
2018-09-25,0,0,0,0,0,0
2018-09-26,0,0,0,0,1,0
2018-09-27,0,0,0,0,0,0
2018-09-28,0,0,0,0,0,0
2018-09-29,0,0,0,0,0,0
2018-09-30,0,0,0,4,0,0
2018-10-01,0,0,0,0,0,0
2018-10-02,0,0,0,0,0,0
2018-10-03,0,0,0,0,0,0
2018-10-04,0,0,0,0,0,0
2018-10-05,0,0,0,0,0,0
2018-10-06,0,0,0,1,0,0
2018-10-07,0,0,0,0,0,0
2018-10-08,0,0,0,1,1,0
2018-10-09,0,0,0,0,0,0
2018-10-10,0,0,0,0,0,0
2018-10-11,0,0,0,0,0,0
2018-10-12,0,0,0,0,0,0
2018-10-13,0,0,0,1,0,0
2018-10-14,0,0,0,0,0,0
2018-10-15,0,0,0,0,0,0
2018-10-16,0,0,0,0,0,0
2018-10-17,0,0,0,0,0,0
2018-10-19,0,0,0,0,0,0
2018-10-20,0,0,0,0,0,0
2018-10-21,0,0,0,0,0,0
2018-10-22,0,0,0,0,0,0
2018-10-23,0,0,0,0,0,0
2018-10-24,0,0,0,1,0,0
2018-10-25,0,0,0,0,0,0
2018-10-27,0,0,0,0,0,0
2018-10-28,0,0,0,0,0,0
2018-10-30,0,0,0,1,0,0
2018-10-31,0,0,0,0,0,0
2018-11-01,0,0,0,0,0,0
2018-11-02,0,0,0,0,0,0
2018-11-03,0,0,0,0,0,0
2018-11-06,0,0,0,0,0,0
2018-11-07,0,0,0,0,0,0
2018-11-08,0,0,0,0,0,0
2018-11-10,0,0,0,1,0,0
2018-11-11,0,0,0,0,0,0
2018-11-12,0,0,0,0,0,0
2018-11-13,0,0,0,0,0,0
2018-11-14,0,0,0,0,0,0
2018-11-15,0,0,0,0,0,0
2018-11-16,0,0,0,0,0,0
2018-11-18,0,0,0,0,0,0
2018-11-19,0,0,0,0,0,0
2018-11-20,0,0,0,0,0,0
2018-11-22,0,1,0,0,0,0
2018-11-23,0,0,0,0,0,0
2018-11-24,0,0,0,0,0,2
2018-11-25,1,0,0,0,0,0
2018-11-26,0,0,0,0,0,0
2018-11-27,0,0,0,0,0,0
2018-11-28,0,1,0,0,0,0
2018-11-29,0,0,1,0,0,0
2018-12-01,0,0,0,0,0,0
2018-12-02,0,0,0,0,0,0
2018-12-03,0,0,0,0,0,0
2018-12-04,0,0,0,0,0,0
2018-12-05,0,0,0,0,0,0
2018-12-06,0,0,0,0,0,0
2018-12-07,0,0,0,0,0,0
2018-12-08,0,0,0,0,0,0
2018-12-09,0,1,0,0,0,0
2018-12-10,0,1,0,0,0,0
2018-12-12,0,0,0,0,0,0
2018-12-13,0,0,0,0,0,0
2018-12-14,1,0,0,0,0,0
2018-12-15,1,0,0,0,0,0
2018-12-16,0,0,6,0,0,0
2018-12-17,1,0,2,0,0,0
2018-12-18,0,0,0,1,0,0
2018-12-20,1,0,1,0,0,0
2018-12-21,1,0,4,2,0,0
2018-12-22,0,0,1,2,0,0
2018-12-23,0,0,2,0,0,0
2018-12-24,1,0,0,0,0,0
2018-12-25,0,0,1,0,0,0
2018-12-26,2,0,0,0,0,0
2018-12-27,1,0,0,0,0,0
2018-12-28,0,0,0,0,0,0
2018-12-30,4,0,0,0,0,0
2018-12-31,5,0,0,0,0,0
2019-01-01,0,0,0,0,0,0
2019-01-02,1,0,3,0,0,1
2019-01-03,0,0,0,0,0,0
2019-01-04,0,0,5,4,0,0
2019-01-05,0,0,1,0,0,0
2019-01-06,0,0,0,0,0,0
2019-01-07,1,0,1,1,0,0
2019-01-08,0,0,7,1,0,0
2019-01-09,0,0,6,1,1,0
2019-01-10,1,0,7,0,0,0
2019-01-11,0,0,0,0,0,0
2019-01-12,0,0,1,0,0,0
2019-01-13,5,0,1,0,0,0
2019-01-14,4,0,10,0,0,0
2019-01-15,2,0,3,0,0,0
2019-01-16,3,0,2,1,0,0
2019-01-17,1,2,3,0,0,0
2019-01-18,3,0,1,0,0,0
2019-01-19,4,0,6,1,0,0
2019-01-20,4,0,7,1,2,0
2019-01-21,0,0,8,0,0,1
2019-01-22,0,0,4,1,0,0
2019-01-23,1,0,0,0,0,1
2019-01-24,8,0,9,0,1,0
2019-01-25,7,0,16,2,0,1
2019-01-26,4,0,4,2,0,3
2019-01-27,0,0,8,2,0,0
2019-01-28,4,0,0,0,0,0
2019-01-29,8,0,10,0,0,2
2019-01-30,9,0,13,0,0,0
2019-01-31,1,0,9,1,0,2
2019-02-01,2,1,4,2,0,0
2019-02-02,6,0,0,0,0,0
2019-02-03,4,0,2,2,0,0
2019-02-04,13,0,3,1,1,3
2019-02-05,7,0,3,1,0,1
2019-02-06,0,0,2,0,0,0
2019-02-07,1,0,2,0,0,2
2019-02-08,16,2,2,0,0,10
2019-02-09,33,2,3,1,0,21
2019-02-10,18,0,11,3,0,3
2019-02-11,7,0,18,0,4,0
2019-02-12,0,1,0,0,0,1
2019-02-13,4,3,2,0,2,0
2019-02-14,21,2,1,0,1,1
2019-02-15,10,0,15,0,2,2
2019-02-16,12,0,8,2,0,0
2019-02-17,2,1,3,0,0,0
2019-02-18,2,2,0,0,0,0
2019-02-19,11,1,3,0,0,0
2019-02-20,15,1,4,2,3,1
2019-02-21,5,0,8,1,3,2
2019-02-22,6,1,0,1,2,0
2019-02-23,1,8,0,2,0,0
2019-02-24,14,6,0,0,0,0
2019-02-25,22,3,6,0,3,3
2019-02-26,7,2,18,3,1,2
2019-02-27,6,5,12,2,0,1
2019-02-28,2,0,0,0,0,0
2019-03-01,7,5,0,0,0,0
2019-03-02,18,5,8,1,1,1
2019-03-03,13,3,17,2,1,1
2019-03-04,2,0,12,1,0,6
2019-03-05,1,0,1,2,2,12
2019-03-06,12,7,1,0,0,3
2019-03-07,38,3,7,1,0,11
2019-03-08,50,0,4,1,8,12
2019-03-09,19,3,22,4,5,12
2019-03-10,10,1,6,0,0,4
2019-03-11,19,17,6,1,0,4
2019-03-12,105,23,0,3,0,21
2019-03-13,135,18,7,2,3,35
2019-03-14,22,11,11,1,9,14
2019-03-15,2,6,5,4,2,0
2019-03-16,1,13,1,1,0,6
2019-03-17,9,19,1,0,2,0
2019-03-18,15,15,12,0,13,5
2019-03-19,20,4,29,5,12,11
2019-03-20,7,4,17,5,0,10
2019-03-21,0,3,2,0,0,6
2019-03-22,17,37,0,0,2,11
2019-03-23,57,39,0,5,2,35
2019-03-24,28,18,0,0,4,5
2019-03-25,3,5,4,5,2,3
2019-03-26,0,10,12,2,0,2
2019-03-27,0,14,7,1,0,0
2019-03-28,18,32,1,0,1,2
2019-03-29,27,14,2,0,1,22
2019-03-30,18,4,0,2,1,9
2019-03-31,2,2,0,0,0,0
2019-04-01,11,13,0,0,0,4
2019-04-02,25,13,0,0,0,4
2019-04-03,27,13,0,0,0,2
2019-04-04,5,8,0,0,0,1
2019-04-05,1,2,0,0,0,0
2019-04-06,0,1,1,0,0,0
2019-04-07,10,11,0,0,0,1
2019-04-08,31,6,0,4,0,4
2019-04-09,25,9,2,2,0,18
2019-04-10,12,7,5,5,0,16
2019-04-11,5,10,1,0,0,3
2019-04-12,17,16,0,1,0,15
2019-04-13,57,27,0,1,0,14
2019-04-14,65,16,0,0,1,21
2019-04-15,11,0,0,2,1,4
2019-04-16,11,1,0,1,2,3
2019-04-17,2,7,0,0,1,4
2019-04-18,25,32,0,18,0,30
2019-04-19,75,8,0,26,5,42
2019-04-20,37,9,0,28,0,91
2019-04-21,0,2,0,1,1,3
2019-04-22,0,13,0,0,0,0
2019-04-23,3,16,0,0,0,1
2019-04-24,10,19,4,0,0,13
2019-04-25,9,8,0,5,1,10
2019-04-26,2,7,1,2,0,4
2019-04-27,2,13,3,0,0,1
2019-04-28,11,13,0,0,0,0
2019-04-29,37,42,1,0,0,4
2019-04-30,34,12,0,0,0,4
2019-05-01,5,0,4,1,2,2
2019-05-02,6,1,4,0,1,3
2019-05-03,0,2,1,1,0,0
2019-05-04,3,1,0,0,0,0
2019-05-05,14,1,0,0,1,2
2019-05-06,0,1,5,1,3,6
2019-05-08,0,5,0,0,0,2
2019-05-09,0,20,0,2,0,0
2019-05-10,5,18,0,1,0,5
2019-05-11,1,6,0,0,0,2
2019-05-12,0,0,0,0,1,0
2019-05-13,0,0,0,0,3,0
2019-05-14,0,2,0,0,0,0
2019-05-15,0,4,0,0,0,5
2019-05-16,1,2,0,0,0,3
2019-05-17,1,0,1,7,0,1
2019-05-18,0,8,2,3,3,1
2019-05-19,1,4,0,6,0,10
2019-05-20,3,10,0,0,0,1
2019-05-21,0,5,0,0,0,2
2019-05-22,0,0,0,0,0,0
2019-05-23,0,0,0,0,0,0
2019-05-24,0,0,0,0,0,0
2019-05-25,0,0,0,0,0,0
2019-05-27,0,3,0,0,3,0
2019-05-28,0,0,0,0,1,0
2019-05-29,0,0,0,0,0,0
2019-05-30,0,1,0,0,0,0
2019-05-31,0,1,0,0,0,0
2019-06-01,0,0,0,0,0,0
2019-06-02,0,0,0,0,1,0
2019-06-03,0,0,0,0,0,0
2019-06-04,0,0,0,0,1,0
2019-06-06,0,0,0,0,0,0
2019-06-07,0,0,1,0,0,0
2019-06-08,0,0,0,0,0,0
2019-06-09,0,0,0,0,0,0
2019-06-10,0,0,0,0,4,0
2019-06-11,0,0,0,0,0,0
2019-06-12,0,0,0,0,0,0
2019-06-13,0,0,0,1,0,0
2019-06-14,0,0,0,0,2,0
2019-06-15,0,0,0,0,2,0
2019-06-18,0,0,0,1,0,0
2019-06-19,0,0,0,0,0,0
2019-06-20,0,0,0,0,0,0
2019-06-21,0,0,0,2,0,0
2019-06-22,0,0,0,0,0,0
2019-06-23,0,0,0,1,0,0
2019-06-24,0,0,0,0,0,0
2019-06-26,0,0,0,2,0,0
2019-06-27,0,0,0,0,0,0
2019-06-28,0,0,0,11,0,0
2019-06-29,0,0,0,1,1,0
2019-06-30,0,0,0,1,0,0
2019-07-01,0,0,0,0,0,0
2019-07-02,0,0,0,0,0,0
2019-07-03,0,0,0,1,0,0
2019-07-04,0,0,0,0,0,0
2019-07-05,0,0,0,1,0,0
2019-07-06,0,0,0,0,0,0
2019-07-07,0,0,0,0,0,0
2019-07-08,0,0,0,0,0,0
2019-07-09,0,0,0,0,0,0
2019-07-10,0,0,0,0,0,0
2019-07-11,0,0,0,3,0,0
2019-07-12,0,0,0,1,0,0
2019-07-13,0,0,0,0,0,0
2019-07-14,0,0,1,0,0,0
2019-07-15,0,0,1,2,0,0
2019-07-16,0,0,0,0,0,0
2019-07-17,0,0,0,0,0,0
2019-07-18,0,0,0,0,0,0
2019-07-19,0,0,0,0,0,0
2019-07-20,0,0,0,1,1,0
2019-07-21,0,0,0,1,0,0
2019-07-22,0,0,0,0,0,0
2019-07-23,0,0,0,0,0,0
2019-07-24,0,0,0,0,0,0
2019-07-25,0,0,0,1,0,0
2019-07-26,0,0,0,1,0,0
2019-07-27,0,0,0,0,0,0
2019-07-28,0,0,0,0,0,0
2019-07-29,0,0,0,2,0,0
2019-07-30,0,0,0,0,4,0
2019-07-31,0,0,0,0,11,0
2019-08-01,0,0,0,0,2,0
2019-08-02,0,0,0,0,0,0
2019-08-03,0,0,0,0,0,0
2019-08-04,3,0,0,0,0,0
2019-08-05,0,0,0,0,6,0
2019-08-06,0,0,0,0,0,0
2019-08-07,0,0,0,0,0,0
2019-08-08,0,0,0,0,0,0
2019-08-09,0,0,0,0,0,0
2019-08-10,0,0,0,0,0,0
2019-08-11,0,0,0,7,0,0
2019-08-12,0,0,0,5,2,0
2019-08-13,0,0,0,0,0,0
2019-08-14,0,0,0,1,0,0
2019-08-15,0,0,0,1,0,0
2019-08-16,0,0,0,7,0,0
2019-08-17,0,0,0,4,0,0
2019-08-18,0,0,0,0,0,0
2019-08-19,0,0,0,0,0,0
2019-08-20,0,0,0,0,1,0
2019-08-21,0,0,0,0,1,0
2019-08-22,0,0,0,5,0,0
2019-08-23,0,0,0,0,0,0
2019-08-24,0,0,0,0,0,0
2019-08-25,0,0,0,0,0,0
2019-08-26,0,0,0,2,0,0
2019-08-27,0,0,1,1,0,0
2019-08-28,0,0,0,0,0,0
2019-08-29,0,0,0,0,0,0
2019-08-30,0,0,0,1,3,0
2019-08-31,0,0,0,0,0,0
2019-09-01,0,0,0,0,2,0
2019-09-02,0,0,0,0,0,0
2019-09-03,0,0,0,0,0,0
2019-09-04,0,0,0,0,0,0
2019-09-05,0,0,0,2,2,0
2019-09-06,0,0,0,3,2,0
2019-09-07,0,0,0,0,1,0
2019-09-08,0,0,0,1,5,0
2019-09-09,0,0,0,0,6,0
2019-09-10,0,0,0,6,2,0
2019-09-11,0,0,0,1,4,0
2019-09-12,0,0,0,0,1,0
2019-09-13,0,0,0,0,1,0
2019-09-14,0,0,0,0,0,0
2019-09-15,0,0,0,0,0,0
2019-09-16,0,0,0,0,3,0
2019-09-17,0,0,0,0,1,0
2019-09-18,0,0,0,0,1,0
2019-09-19,0,0,0,0,0,0
2019-09-20,0,0,0,0,1,0
2019-09-21,1,0,0,0,5,0
2019-09-22,0,0,0,0,2,0
2019-09-23,0,0,0,0,2,0
2019-09-24,0,0,0,0,4,0
2019-09-25,0,0,0,0,0,0
2019-09-26,0,0,0,0,0,0
2019-09-27,0,0,0,0,1,0
2019-09-28,0,0,0,0,2,0
2019-09-29,0,0,0,0,1,0
2019-09-30,0,0,0,0,0,0
2019-10-01,0,0,0,0,0,0
2019-10-02,0,0,0,0,2,0
2019-10-03,0,0,0,0,0,0
2019-10-04,0,0,0,0,1,0
2019-10-05,0,0,0,0,0,0
2019-10-06,0,0,0,0,8,0
2019-10-07,0,0,0,0,1,0
2019-10-08,0,0,0,0,0,0
2019-10-09,0,0,0,0,1,0
2019-10-10,0,0,0,0,0,0
2019-10-11,0,0,0,0,0,0
2019-10-12,0,0,0,0,0,0
2019-10-13,0,0,0,0,1,0
2019-10-14,0,0,0,0,2,0
2019-10-15,0,0,0,0,0,0
2019-10-16,0,0,0,0,0,0
2019-10-17,0,0,0,0,0,0
2019-10-18,1,0,0,0,0,0
2019-10-19,0,0,0,0,0,0
2019-10-20,0,0,0,0,0,0
2019-10-21,0,0,0,0,0,0
2019-10-22,0,0,0,0,0,0
2019-10-23,0,0,0,0,0,0
2019-10-24,0,0,0,0,0,0
2019-10-25,0,0,0,0,1,0
2019-10-26,0,0,0,0,1,0
2019-10-27,0,0,0,0,0,0
2019-10-28,0,0,0,0,0,0
2019-10-29,0,0,0,1,0,0
2019-10-30,0,0,0,0,0,0
2019-10-31,0,0,0,0,0,0
2019-11-01,0,0,0,0,0,0
2019-11-02,0,0,0,0,0,0
2019-11-03,0,0,0,0,1,0
2019-11-04,0,0,0,0,0,0
2019-11-06,0,0,0,0,0,0
2019-11-07,0,0,0,0,0,0
2019-11-08,0,0,0,0,0,0
2019-11-09,0,0,0,0,0,0
2019-11-10,0,0,0,0,0,1
2019-11-11,0,0,0,0,0,0
2019-11-12,0,0,0,0,0,0
2019-11-13,0,0,0,0,0,0
2019-11-14,0,0,2,0,1,0
2019-11-15,0,0,1,0,0,0
2019-11-16,0,0,0,0,0,0
2019-11-17,0,0,0,0,0,0
2019-11-18,0,0,0,0,0,0
2019-11-19,0,0,0,0,0,0
2019-11-20,0,0,0,0,0,1
2019-11-21,0,0,0,0,0,0
2019-11-22,0,0,0,0,2,0
2019-11-23,0,0,0,0,0,0
2019-11-24,0,0,0,0,0,0
2019-11-25,0,0,0,0,0,0
2019-11-26,0,0,1,0,0,0
2019-11-27,0,0,0,0,0,0
2019-11-28,1,0,0,0,0,0
2019-11-29,1,0,0,0,0,0
2019-11-30,1,0,0,0,0,0
2019-12-01,0,0,0,0,0,0
2019-12-02,2,0,0,0,0,0
2019-12-03,0,0,0,0,0,0
2019-12-04,0,0,0,0,0,0
2019-12-05,2,0,1,0,0,1
2019-12-06,0,0,1,1,0,0
2019-12-07,2,0,0,1,0,0
2019-12-08,0,0,3,0,0,0
2019-12-09,2,0,0,0,0,0
2019-12-10,0,0,0,0,0,1
2019-12-11,2,0,0,1,2,0
2019-12-12,0,0,0,0,1,0
2019-12-13,0,0,0,0,0,0
2019-12-14,0,0,0,0,0,0
2019-12-15,2,0,0,0,0,0
2019-12-16,1,4,0,0,0,0
2019-12-17,1,0,3,0,0,0
2019-12-18,0,0,0,0,0,0
2019-12-19,0,0,0,0,0,0
2019-12-20,1,1,1,2,2,0
2019-12-21,5,0,0,1,0,0
2019-12-22,2,0,1,1,3,0
2019-12-23,0,0,1,0,3,0
2019-12-25,2,0,0,0,0,1
2019-12-26,5,0,0,0,1,0
2019-12-27,1,0,3,0,2,0
2019-12-28,0,0,2,0,1,0
2019-12-29,0,0,0,1,3,0
2019-12-30,0,0,0,0,1,0
2019-12-31,4,0,5,0,0,0
2020-01-01,4,0,10,2,0,0
2020-01-02,0,0,3,2,0,0
2020-01-03,1,0,0,0,0,0
2020-01-04,3,0,1,0,2,0
2020-01-05,6,0,1,0,2,0
2020-01-06,4,0,1,0,0,0
2020-01-07,4,0,0,1,0,0
2020-01-08,2,0,4,1,1,0
2020-01-09,1,0,2,0,0,1
2020-01-10,2,1,1,0,0,0
2020-01-11,7,0,0,0,0,4
2020-01-12,2,0,0,1,2,0
2020-01-13,1,0,4,1,2,0
2020-01-14,3,0,3,0,0,0
2020-01-15,3,1,5,0,0,0
2020-01-16,7,0,5,0,2,3
2020-01-17,10,0,6,0,4,0
2020-01-18,0,0,7,1,2,0
2020-01-19,1,0,4,0,0,0
2020-01-20,2,1,0,0,0,0
2020-01-21,5,0,1,1,2,0
2020-01-22,6,0,5,1,1,1
2020-01-23,2,0,3,0,2,1
2020-01-24,0,0,4,1,2,0
2020-01-25,0,3,4,1,2,0
2020-01-26,30,3,1,0,0,0
2020-01-27,32,0,0,0,1,0
2020-01-28,9,0,3,0,1,0
2020-01-29,0,0,3,0,2,0
2020-01-30,0,0,0,0,0,0
2020-01-31,8,5,0,0,4,0
2020-02-01,12,0,6,0,0,1
2020-02-02,3,0,10,0,2,4
2020-02-03,2,0,12,0,1,0
2020-02-04,1,1,1,0,2,0
2020-02-05,2,3,0,0,0,0
2020-02-07,10,1,5,1,3,0
2020-02-08,11,0,29,0,1,3
2020-02-09,0,0,6,0,0,1
2020-02-10,2,1,1,0,1,4
2020-02-11,7,9,3,0,0,2
2020-02-12,21,6,8,0,1,4
2020-02-13,13,1,13,2,1,10
2020-02-14,11,0,3,2,0,5
2020-02-15,5,0,0,2,0,7
2020-02-16,24,5,0,0,0,7
2020-02-17,53,7,5,0,0,6
2020-02-18,12,1,23,0,1,10
2020-02-19,4,6,28,2,0,5
2020-02-20,6,4,20,1,0,0
2020-02-21,36,22,0,0,0,2
2020-02-22,70,43,36,2,2,2
2020-02-23,44,10,72,2,0,5
2020-02-24,19,0,59,4,3,18
2020-02-25,2,3,6,1,2,12
2020-02-26,5,0,8,0,1,1
2020-02-27,10,7,8,0,1,2
2020-02-28,22,9,15,0,1,8
2020-02-29,14,4,21,4,1,15
2020-03-01,6,0,14,0,0,2
2020-03-02,6,5,0,1,1,2
2020-03-03,1,11,2,0,0,1
2020-03-04,5,6,1,4,0,0
2020-03-05,2,5,3,2,0,0
2020-03-06,0,0,1,2,0,0
2020-03-07,0,7,2,1,1,3
2020-03-08,8,33,2,3,4,7
2020-03-09,39,36,4,10,5,25
2020-03-10,36,9,9,0,2,24
2020-03-11,18,10,10,1,1,12
2020-03-12,6,9,11,4,0,16
2020-03-13,11,18,5,0,0,11
2020-03-14,39,37,1,0,0,14
2020-03-15,1,12,8,2,2,7
2020-03-16,3,1,23,2,2,15
2020-03-17,0,9,14,5,2,7
2020-03-18,3,16,3,1,2,5
2020-03-19,1,46,1,12,0,13
2020-03-20,31,14,2,4,1,15
2020-03-21,17,10,18,6,1,21
2020-03-22,2,14,9,8,0,8
2020-03-23,2,14,6,0,0,4
2020-03-24,15,39,4,2,0,4
2020-03-25,68,94,0,0,0,32
2020-03-27,22,19,11,4,3,37
2020-03-28,11,14,2,7,0,11
2020-03-29,16,44,1,3,0,41
2020-03-30,73,91,0,3,0,140
2020-03-31,78,49,5,23,1,257
2020-04-01,47,33,11,4,1,160
2020-04-02,14,27,7,5,0,40
2020-04-03,9,41,2,4,1,36
2020-04-04,50,97,2,3,0,18
2020-04-05,59,44,4,3,0,34
2020-04-06,18,11,7,0,0,27
2020-04-07,9,5,0,2,1,20
2020-04-08,7,8,0,1,0,8
2020-04-09,8,19,0,0,0,5
2020-04-10,46,57,0,1,0,7
2020-04-11,14,15,2,0,0,2
2020-04-12,0,8,0,0,1,0
2020-04-13,0,5,0,2,0,0
2020-04-14,1,16,0,0,0,0
2020-04-15,3,27,0,0,0,0
2020-04-16,5,8,0,1,0,1
2020-04-17,1,5,0,0,6,0
2020-04-18,0,5,0,0,1,0
2020-04-19,2,19,0,0,0,0
2020-04-20,14,47,0,1,0,7
2020-04-21,16,37,1,1,0,34
2020-04-22,2,6,1,0,0,1
2020-04-23,0,7,1,0,0,0
2020-04-24,0,2,0,0,0,0
2020-04-25,0,2,0,0,0,0
2020-04-26,0,1,0,0,0,0
2020-04-27,0,0,1,2,0,0
2020-04-28,0,0,6,5,0,4
2020-04-29,0,0,4,2,0,0
2020-05-01,0,0,0,0,0,0
2020-05-02,1,0,0,0,0,0
2020-05-03,0,0,3,0,1,0
2020-05-04,0,0,0,2,0,0
2020-05-05,0,0,0,0,0,0
2020-05-06,0,1,0,2,0,5
2020-05-07,0,2,0,0,0,0
2020-05-08,0,0,4,0,0,1
2020-05-09,0,0,0,4,0,0
2020-05-10,0,3,0,0,0,1
2020-05-12,0,0,0,0,0,0
2020-05-13,0,0,0,0,0,0
2020-05-14,0,0,0,5,0,0
2020-05-15,0,0,0,0,0,0
2020-05-16,0,1,0,0,0,0
2020-05-17,0,6,0,0,0,0
2020-05-18,0,0,1,0,0,1
2020-05-20,0,0,0,0,0,0
2020-05-22,0,0,0,0,0,0
2020-05-23,1,1,0,0,0,0
2020-05-25,0,0,0,0,0,2
2020-05-26,0,0,0,1,0,0
2020-05-30,0,0,0,0,0,1
2020-05-31,0,0,0,0,0,0
2020-06-01,0,0,0,1,0,0
2020-06-03,0,0,0,1,0,0
2020-06-04,0,0,0,1,0,3
2020-06-05,0,0,0,0,0,0
2020-06-06,0,0,0,0,0,0
2020-06-08,0,0,0,2,0,0
2020-06-10,0,0,0,2,0,0
2020-06-11,0,0,0,0,0,0
2020-06-12,0,0,0,0,0,0
2020-06-13,0,0,0,0,0,0
2020-06-14,0,0,0,0,0,0
2020-06-15,0,0,0,0,0,0
2020-06-17,0,0,0,0,0,0
2020-06-18,0,0,0,0,0,0
2020-06-19,0,0,0,1,0,0
2020-06-20,0,0,0,2,0,0
2020-06-21,0,0,0,1,0,0
2020-06-22,0,0,0,0,0,0
2020-06-23,0,0,0,0,0,0
2020-06-25,0,0,0,0,0,0
2020-06-26,0,0,0,4,0,0
2020-06-28,0,0,0,0,0,0
2020-06-29,0,0,0,0,0,0
